{
    "images": [
        {
            "file_name": "Hello.803b4934-a6d1-11ec-a175-84a93ea18ae6.jpg",
            "height": 480,
            "width": 640,
            "id": 0
        },
        {
            "file_name": "Hello.81794bae-a6d1-11ec-9ec1-84a93ea18ae6.jpg",
            "height": 480,
            "width": 640,
            "id": 1
        },
        {
            "file_name": "Hello.82af5cd8-a6d1-11ec-a2fc-84a93ea18ae6.jpg",
            "height": 480,
            "width": 640,
            "id": 2
        },
        {
            "file_name": "Hello.83e4b27e-a6d1-11ec-bb78-84a93ea18ae6.jpg",
            "height": 480,
            "width": 640,
            "id": 3
        },
        {
            "file_name": "Hello.8518e598-a6d1-11ec-9a9a-84a93ea18ae6 - Copy.jpg",
            "height": 480,
            "width": 640,
            "id": 4
        },
        {
            "file_name": "Hello.8518e598-a6d1-11ec-9a9a-84a93ea18ae6.jpg",
            "height": 480,
            "width": 640,
            "id": 5
        },
        {
            "file_name": "Hello.864dd09c-a6d1-11ec-bcf2-84a93ea18ae6.jpg",
            "height": 480,
            "width": 640,
            "id": 6
        },
        {
            "file_name": "Hello.87840e62-a6d1-11ec-9b5e-84a93ea18ae6.jpg",
            "height": 480,
            "width": 640,
            "id": 7
        },
        {
            "file_name": "Hello.88ba94a2-a6d1-11ec-a13e-84a93ea18ae6.jpg",
            "height": 480,
            "width": 640,
            "id": 8
        },
        {
            "file_name": "Hello.89f10330-a6d1-11ec-85f2-84a93ea18ae6.jpg",
            "height": 480,
            "width": 640,
            "id": 9
        },
        {
            "file_name": "Hello.8b2540a6-a6d1-11ec-a828-84a93ea18ae6 - Copy.jpg",
            "height": 480,
            "width": 640,
            "id": 10
        },
        {
            "file_name": "Hello.8b2540a6-a6d1-11ec-a828-84a93ea18ae6.jpg",
            "height": 480,
            "width": 640,
            "id": 11
        },
        {
            "file_name": "Hello.8c5b98c8-a6d1-11ec-a905-84a93ea18ae6.jpg",
            "height": 480,
            "width": 640,
            "id": 12
        },
        {
            "file_name": "Hello.8d922278-a6d1-11ec-9c17-84a93ea18ae6.jpg",
            "height": 480,
            "width": 640,
            "id": 13
        },
        {
            "file_name": "Hello.91349e48-a6d1-11ec-9c40-84a93ea18ae6.jpg",
            "height": 480,
            "width": 640,
            "id": 14
        },
        {
            "file_name": "Hello.926aeae2-a6d1-11ec-878b-84a93ea18ae6.jpg",
            "height": 480,
            "width": 640,
            "id": 15
        },
        {
            "file_name": "Hello.93a20f68-a6d1-11ec-ac11-84a93ea18ae6.jpg",
            "height": 480,
            "width": 640,
            "id": 16
        },
        {
            "file_name": "Hello.94d76664-a6d1-11ec-a96e-84a93ea18ae6.jpg",
            "height": 480,
            "width": 640,
            "id": 17
        },
        {
            "file_name": "Hello.960f020a-a6d1-11ec-ad41-84a93ea18ae6.jpg",
            "height": 480,
            "width": 640,
            "id": 18
        },
        {
            "file_name": "Hello.97438b78-a6d1-11ec-acc0-84a93ea18ae6.jpg",
            "height": 480,
            "width": 640,
            "id": 19
        },
        {
            "file_name": "IloveYou.01279dee-a6d2-11ec-a775-84a93ea18ae6.jpg",
            "height": 480,
            "width": 640,
            "id": 20
        },
        {
            "file_name": "IloveYou.0391a1b8-a6d2-11ec-9246-84a93ea18ae6.jpg",
            "height": 480,
            "width": 640,
            "id": 21
        },
        {
            "file_name": "IloveYou.04c7764c-a6d2-11ec-998a-84a93ea18ae6 - Copy.jpg",
            "height": 480,
            "width": 640,
            "id": 22
        },
        {
            "file_name": "IloveYou.04c7764c-a6d2-11ec-998a-84a93ea18ae6.jpg",
            "height": 480,
            "width": 640,
            "id": 23
        },
        {
            "file_name": "IloveYou.05fc3c80-a6d2-11ec-ba0a-84a93ea18ae6.jpg",
            "height": 480,
            "width": 640,
            "id": 24
        },
        {
            "file_name": "IloveYou.0732425e-a6d2-11ec-8372-84a93ea18ae6 - Copy.jpg",
            "height": 480,
            "width": 640,
            "id": 25
        },
        {
            "file_name": "IloveYou.0732425e-a6d2-11ec-8372-84a93ea18ae6.jpg",
            "height": 480,
            "width": 640,
            "id": 26
        },
        {
            "file_name": "IloveYou.f01ba630-a6d1-11ec-97b3-84a93ea18ae6.jpg",
            "height": 480,
            "width": 640,
            "id": 27
        },
        {
            "file_name": "IloveYou.f151aa12-a6d1-11ec-8639-84a93ea18ae6.jpg",
            "height": 480,
            "width": 640,
            "id": 28
        },
        {
            "file_name": "IloveYou.f287e4a2-a6d1-11ec-9b23-84a93ea18ae6.jpg",
            "height": 480,
            "width": 640,
            "id": 29
        },
        {
            "file_name": "IloveYou.f3bdd3ca-a6d1-11ec-97b3-84a93ea18ae6.jpg",
            "height": 480,
            "width": 640,
            "id": 30
        },
        {
            "file_name": "IloveYou.f4f422ee-a6d1-11ec-99d6-84a93ea18ae6.jpg",
            "height": 480,
            "width": 640,
            "id": 31
        },
        {
            "file_name": "IloveYou.f6292bb4-a6d1-11ec-91a4-84a93ea18ae6.jpg",
            "height": 480,
            "width": 640,
            "id": 32
        },
        {
            "file_name": "IloveYou.f75ca6d0-a6d1-11ec-bfad-84a93ea18ae6.jpg",
            "height": 480,
            "width": 640,
            "id": 33
        },
        {
            "file_name": "IloveYou.f895cdee-a6d1-11ec-9305-84a93ea18ae6.jpg",
            "height": 480,
            "width": 640,
            "id": 34
        },
        {
            "file_name": "IloveYou.f9ca935e-a6d1-11ec-8c39-84a93ea18ae6.jpg",
            "height": 480,
            "width": 640,
            "id": 35
        },
        {
            "file_name": "IloveYou.fc3327cc-a6d1-11ec-89b5-84a93ea18ae6.jpg",
            "height": 480,
            "width": 640,
            "id": 36
        },
        {
            "file_name": "IloveYou.fd897d98-a6d1-11ec-bcaa-84a93ea18ae6.jpg",
            "height": 480,
            "width": 640,
            "id": 37
        },
        {
            "file_name": "IloveYou.febd9c0a-a6d1-11ec-a233-84a93ea18ae6.jpg",
            "height": 480,
            "width": 640,
            "id": 38
        },
        {
            "file_name": "IloveYou.fff383c2-a6d1-11ec-8ce1-84a93ea18ae6.jpg",
            "height": 480,
            "width": 640,
            "id": 39
        },
        {
            "file_name": "No.b81769f8-a6d1-11ec-8d33-84a93ea18ae6.jpg",
            "height": 480,
            "width": 640,
            "id": 40
        },
        {
            "file_name": "No.b94ba4ee-a6d1-11ec-b2ba-84a93ea18ae6.jpg",
            "height": 480,
            "width": 640,
            "id": 41
        },
        {
            "file_name": "No.ba816d2e-a6d1-11ec-898a-84a93ea18ae6.jpg",
            "height": 480,
            "width": 640,
            "id": 42
        },
        {
            "file_name": "No.bbb5b350-a6d1-11ec-988f-84a93ea18ae6.jpg",
            "height": 480,
            "width": 640,
            "id": 43
        },
        {
            "file_name": "No.bce99c74-a6d1-11ec-8c1b-84a93ea18ae6.jpg",
            "height": 480,
            "width": 640,
            "id": 44
        },
        {
            "file_name": "No.be1def24-a6d1-11ec-bf88-84a93ea18ae6.jpg",
            "height": 480,
            "width": 640,
            "id": 45
        },
        {
            "file_name": "No.bf529c0c-a6d1-11ec-baff-84a93ea18ae6.jpg",
            "height": 480,
            "width": 640,
            "id": 46
        },
        {
            "file_name": "No.c088dc76-a6d1-11ec-b9cb-84a93ea18ae6.jpg",
            "height": 480,
            "width": 640,
            "id": 47
        },
        {
            "file_name": "No.c1bf9258-a6d1-11ec-95a2-84a93ea18ae6.jpg",
            "height": 480,
            "width": 640,
            "id": 48
        },
        {
            "file_name": "No.c2f48c90-a6d1-11ec-8e7f-84a93ea18ae6.jpg",
            "height": 480,
            "width": 640,
            "id": 49
        },
        {
            "file_name": "No.c42a01da-a6d1-11ec-9f4f-84a93ea18ae6.jpg",
            "height": 480,
            "width": 640,
            "id": 50
        },
        {
            "file_name": "No.c55e849e-a6d1-11ec-8e7e-84a93ea18ae6.jpg",
            "height": 480,
            "width": 640,
            "id": 51
        },
        {
            "file_name": "No.c6947c6e-a6d1-11ec-8894-84a93ea18ae6.jpg",
            "height": 480,
            "width": 640,
            "id": 52
        },
        {
            "file_name": "No.c7caa8fa-a6d1-11ec-a447-84a93ea18ae6.jpg",
            "height": 480,
            "width": 640,
            "id": 53
        },
        {
            "file_name": "No.c8ff4a42-a6d1-11ec-8fe7-84a93ea18ae6.jpg",
            "height": 480,
            "width": 640,
            "id": 54
        },
        {
            "file_name": "No.ca3403b8-a6d1-11ec-bec1-84a93ea18ae6.jpg",
            "height": 480,
            "width": 640,
            "id": 55
        },
        {
            "file_name": "No.cb69474c-a6d1-11ec-b02e-84a93ea18ae6.jpg",
            "height": 480,
            "width": 640,
            "id": 56
        },
        {
            "file_name": "No.cc9f7640-a6d1-11ec-bab0-84a93ea18ae6.jpg",
            "height": 480,
            "width": 640,
            "id": 57
        },
        {
            "file_name": "No.cdd3d20a-a6d1-11ec-9387-84a93ea18ae6.jpg",
            "height": 480,
            "width": 640,
            "id": 58
        },
        {
            "file_name": "No.cf0823e6-a6d1-11ec-b88a-84a93ea18ae6.jpg",
            "height": 480,
            "width": 640,
            "id": 59
        },
        {
            "file_name": "Please.0c268ce4-a6d2-11ec-9f18-84a93ea18ae6.jpg",
            "height": 480,
            "width": 640,
            "id": 60
        },
        {
            "file_name": "Please.0d5c368c-a6d2-11ec-aa39-84a93ea18ae6.jpg",
            "height": 480,
            "width": 640,
            "id": 61
        },
        {
            "file_name": "Please.0eb881f4-a6d2-11ec-b189-84a93ea18ae6.jpg",
            "height": 480,
            "width": 640,
            "id": 62
        },
        {
            "file_name": "Please.0fee219c-a6d2-11ec-b053-84a93ea18ae6.jpg",
            "height": 480,
            "width": 640,
            "id": 63
        },
        {
            "file_name": "Please.1124025e-a6d2-11ec-bda7-84a93ea18ae6.jpg",
            "height": 480,
            "width": 640,
            "id": 64
        },
        {
            "file_name": "Please.125a16da-a6d2-11ec-934a-84a93ea18ae6.jpg",
            "height": 480,
            "width": 640,
            "id": 65
        },
        {
            "file_name": "Please.13901bf0-a6d2-11ec-bb59-84a93ea18ae6.jpg",
            "height": 480,
            "width": 640,
            "id": 66
        },
        {
            "file_name": "Please.14c6782c-a6d2-11ec-be1e-84a93ea18ae6.jpg",
            "height": 480,
            "width": 640,
            "id": 67
        },
        {
            "file_name": "Please.15fa9c00-a6d2-11ec-9b9e-84a93ea18ae6.jpg",
            "height": 480,
            "width": 640,
            "id": 68
        },
        {
            "file_name": "Please.172f70ca-a6d2-11ec-b282-84a93ea18ae6.jpg",
            "height": 480,
            "width": 640,
            "id": 69
        },
        {
            "file_name": "Please.1866028c-a6d2-11ec-967c-84a93ea18ae6.jpg",
            "height": 480,
            "width": 640,
            "id": 70
        },
        {
            "file_name": "Please.199d917a-a6d2-11ec-a9b6-84a93ea18ae6.jpg",
            "height": 480,
            "width": 640,
            "id": 71
        },
        {
            "file_name": "Please.1ad33b64-a6d2-11ec-a9f7-84a93ea18ae6.jpg",
            "height": 480,
            "width": 640,
            "id": 72
        },
        {
            "file_name": "Please.1c08151c-a6d2-11ec-b693-84a93ea18ae6.jpg",
            "height": 480,
            "width": 640,
            "id": 73
        },
        {
            "file_name": "Please.1d3ced9e-a6d2-11ec-93b0-84a93ea18ae6.jpg",
            "height": 480,
            "width": 640,
            "id": 74
        },
        {
            "file_name": "Please.1e71bad2-a6d2-11ec-9ea9-84a93ea18ae6.jpg",
            "height": 480,
            "width": 640,
            "id": 75
        },
        {
            "file_name": "Please.1fa61fc0-a6d2-11ec-8bab-84a93ea18ae6.jpg",
            "height": 480,
            "width": 640,
            "id": 76
        },
        {
            "file_name": "Please.20dbdb1e-a6d2-11ec-86ce-84a93ea18ae6.jpg",
            "height": 480,
            "width": 640,
            "id": 77
        },
        {
            "file_name": "Please.2210c568-a6d2-11ec-a8b7-84a93ea18ae6.jpg",
            "height": 480,
            "width": 640,
            "id": 78
        },
        {
            "file_name": "Please.23459af4-a6d2-11ec-9611-84a93ea18ae6.jpg",
            "height": 480,
            "width": 640,
            "id": 79
        },
        {
            "file_name": "Thanks.d40538dc-a6d1-11ec-83da-84a93ea18ae6.jpg",
            "height": 480,
            "width": 640,
            "id": 80
        },
        {
            "file_name": "Thanks.d53a6f1c-a6d1-11ec-b146-84a93ea18ae6.jpg",
            "height": 480,
            "width": 640,
            "id": 81
        },
        {
            "file_name": "Thanks.d6712d6e-a6d1-11ec-a11a-84a93ea18ae6.jpg",
            "height": 480,
            "width": 640,
            "id": 82
        },
        {
            "file_name": "Thanks.d7a66c58-a6d1-11ec-bc8a-84a93ea18ae6.jpg",
            "height": 480,
            "width": 640,
            "id": 83
        },
        {
            "file_name": "Thanks.d8e8125c-a6d1-11ec-ab8a-84a93ea18ae6.jpg",
            "height": 480,
            "width": 640,
            "id": 84
        },
        {
            "file_name": "Thanks.da1e126c-a6d1-11ec-95b2-84a93ea18ae6.jpg",
            "height": 480,
            "width": 640,
            "id": 85
        },
        {
            "file_name": "Thanks.db530524-a6d1-11ec-879c-84a93ea18ae6.jpg",
            "height": 480,
            "width": 640,
            "id": 86
        },
        {
            "file_name": "Thanks.dc8902a6-a6d1-11ec-abc8-84a93ea18ae6.jpg",
            "height": 480,
            "width": 640,
            "id": 87
        },
        {
            "file_name": "Thanks.ddcc3be2-a6d1-11ec-9704-84a93ea18ae6.jpg",
            "height": 480,
            "width": 640,
            "id": 88
        },
        {
            "file_name": "Thanks.df0337a8-a6d1-11ec-b55f-84a93ea18ae6.jpg",
            "height": 480,
            "width": 640,
            "id": 89
        },
        {
            "file_name": "Thanks.e038a1c8-a6d1-11ec-8deb-84a93ea18ae6.jpg",
            "height": 480,
            "width": 640,
            "id": 90
        },
        {
            "file_name": "Thanks.e16c8da8-a6d1-11ec-9812-84a93ea18ae6.jpg",
            "height": 480,
            "width": 640,
            "id": 91
        },
        {
            "file_name": "Thanks.e2a18e54-a6d1-11ec-ad45-84a93ea18ae6.jpg",
            "height": 480,
            "width": 640,
            "id": 92
        },
        {
            "file_name": "Thanks.e3d6259c-a6d1-11ec-84de-84a93ea18ae6.jpg",
            "height": 480,
            "width": 640,
            "id": 93
        },
        {
            "file_name": "Thanks.e50d153a-a6d1-11ec-85e6-84a93ea18ae6.jpg",
            "height": 480,
            "width": 640,
            "id": 94
        },
        {
            "file_name": "Thanks.e642cf5c-a6d1-11ec-af05-84a93ea18ae6.jpg",
            "height": 480,
            "width": 640,
            "id": 95
        },
        {
            "file_name": "Thanks.e778e9c6-a6d1-11ec-bbd4-84a93ea18ae6.jpg",
            "height": 480,
            "width": 640,
            "id": 96
        },
        {
            "file_name": "Thanks.e8af6876-a6d1-11ec-a52b-84a93ea18ae6.jpg",
            "height": 480,
            "width": 640,
            "id": 97
        },
        {
            "file_name": "Thanks.e9e54c62-a6d1-11ec-8f75-84a93ea18ae6.jpg",
            "height": 480,
            "width": 640,
            "id": 98
        },
        {
            "file_name": "Thanks.eb1a349a-a6d1-11ec-8cda-84a93ea18ae6.jpg",
            "height": 480,
            "width": 640,
            "id": 99
        },
        {
            "file_name": "Yes.9c38304a-a6d1-11ec-9479-84a93ea18ae6.jpg",
            "height": 480,
            "width": 640,
            "id": 100
        },
        {
            "file_name": "Yes.9d6bf3fa-a6d1-11ec-a87d-84a93ea18ae6.jpg",
            "height": 480,
            "width": 640,
            "id": 101
        },
        {
            "file_name": "Yes.9ea079ba-a6d1-11ec-9707-84a93ea18ae6.jpg",
            "height": 480,
            "width": 640,
            "id": 102
        },
        {
            "file_name": "Yes.9fd5c7c0-a6d1-11ec-853d-84a93ea18ae6.jpg",
            "height": 480,
            "width": 640,
            "id": 103
        },
        {
            "file_name": "Yes.a10d3edc-a6d1-11ec-a82b-84a93ea18ae6.jpg",
            "height": 480,
            "width": 640,
            "id": 104
        },
        {
            "file_name": "Yes.a37858ec-a6d1-11ec-bde5-84a93ea18ae6.jpg",
            "height": 480,
            "width": 640,
            "id": 105
        },
        {
            "file_name": "Yes.a4ae0126-a6d1-11ec-98f0-84a93ea18ae6.jpg",
            "height": 480,
            "width": 640,
            "id": 106
        },
        {
            "file_name": "Yes.a5e2a7ec-a6d1-11ec-818d-84a93ea18ae6.jpg",
            "height": 480,
            "width": 640,
            "id": 107
        },
        {
            "file_name": "Yes.a7172876-a6d1-11ec-949d-84a93ea18ae6.jpg",
            "height": 480,
            "width": 640,
            "id": 108
        },
        {
            "file_name": "Yes.a84d35fa-a6d1-11ec-9eab-84a93ea18ae6.jpg",
            "height": 480,
            "width": 640,
            "id": 109
        },
        {
            "file_name": "Yes.a9824dee-a6d1-11ec-8558-84a93ea18ae6.jpg",
            "height": 480,
            "width": 640,
            "id": 110
        },
        {
            "file_name": "Yes.aab81802-a6d1-11ec-b2b7-84a93ea18ae6.jpg",
            "height": 480,
            "width": 640,
            "id": 111
        },
        {
            "file_name": "Yes.abee0b40-a6d1-11ec-b920-84a93ea18ae6.jpg",
            "height": 480,
            "width": 640,
            "id": 112
        },
        {
            "file_name": "Yes.ad246fee-a6d1-11ec-9275-84a93ea18ae6.jpg",
            "height": 480,
            "width": 640,
            "id": 113
        },
        {
            "file_name": "Yes.ae592ce2-a6d1-11ec-85cb-84a93ea18ae6.jpg",
            "height": 480,
            "width": 640,
            "id": 114
        },
        {
            "file_name": "Yes.af8e1b36-a6d1-11ec-b27d-84a93ea18ae6.jpg",
            "height": 480,
            "width": 640,
            "id": 115
        },
        {
            "file_name": "Yes.b0c45a10-a6d1-11ec-9f4e-84a93ea18ae6.jpg",
            "height": 480,
            "width": 640,
            "id": 116
        },
        {
            "file_name": "Yes.b1fa407e-a6d1-11ec-8cec-84a93ea18ae6 - Copy.jpg",
            "height": 480,
            "width": 640,
            "id": 117
        },
        {
            "file_name": "Yes.b1fa407e-a6d1-11ec-8cec-84a93ea18ae6.jpg",
            "height": 480,
            "width": 640,
            "id": 118
        },
        {
            "file_name": "Yes.b32eaca4-a6d1-11ec-a3b5-84a93ea18ae6.jpg",
            "height": 480,
            "width": 640,
            "id": 119
        }
    ],
    "categories": [
        {
            "supercategory": "Defect",
            "id": 1,
            "name": "Hello"
        },
        {
            "supercategory": "Defect",
            "id": 2,
            "name": "IloveYou"
        },
        {
            "supercategory": "Defect",
            "id": 3,
            "name": "No"
        },
        {
            "supercategory": "Defect",
            "id": 4,
            "name": "Please"
        },
        {
            "supercategory": "Defect",
            "id": 5,
            "name": "Thanks"
        },
        {
            "supercategory": "Defect",
            "id": 6,
            "name": "Yes"
        }
    ],
    "annotations": [
        {
            "id": 1,
            "image_id": 0,
            "bbox": [
                168.0,
                151.0,
                156.0,
                183.0
            ],
            "area": 28548,
            "iscrowd": 0,
            "category_id": 1,
            "segmentation": []
        },
        {
            "id": 2,
            "image_id": 1,
            "bbox": [
                185.0,
                137.0,
                154.0,
                197.0
            ],
            "area": 30338,
            "iscrowd": 0,
            "category_id": 1,
            "segmentation": []
        },
        {
            "id": 3,
            "image_id": 2,
            "bbox": [
                202.0,
                127.0,
                150.0,
                189.0
            ],
            "area": 28350,
            "iscrowd": 0,
            "category_id": 1,
            "segmentation": []
        },
        {
            "id": 4,
            "image_id": 3,
            "bbox": [
                162.0,
                136.0,
                172.0,
                194.0
            ],
            "area": 33368,
            "iscrowd": 0,
            "category_id": 1,
            "segmentation": []
        },
        {
            "id": 5,
            "image_id": 4,
            "bbox": [
                229.0,
                142.0,
                144.0,
                185.0
            ],
            "area": 26640,
            "iscrowd": 0,
            "category_id": 1,
            "segmentation": []
        },
        {
            "id": 6,
            "image_id": 5,
            "bbox": [
                227.0,
                140.0,
                149.0,
                186.0
            ],
            "area": 27714,
            "iscrowd": 0,
            "category_id": 1,
            "segmentation": []
        },
        {
            "id": 7,
            "image_id": 6,
            "bbox": [
                166.0,
                142.0,
                163.0,
                197.0
            ],
            "area": 32111,
            "iscrowd": 0,
            "category_id": 1,
            "segmentation": []
        },
        {
            "id": 8,
            "image_id": 7,
            "bbox": [
                439.0,
                129.0,
                184.0,
                195.0
            ],
            "area": 35880,
            "iscrowd": 0,
            "category_id": 1,
            "segmentation": []
        },
        {
            "id": 9,
            "image_id": 8,
            "bbox": [
                450.0,
                118.0,
                171.0,
                207.0
            ],
            "area": 35397,
            "iscrowd": 0,
            "category_id": 1,
            "segmentation": []
        },
        {
            "id": 10,
            "image_id": 9,
            "bbox": [
                457.0,
                127.0,
                168.0,
                200.0
            ],
            "area": 33600,
            "iscrowd": 0,
            "category_id": 1,
            "segmentation": []
        },
        {
            "id": 11,
            "image_id": 10,
            "bbox": [
                429.0,
                127.0,
                184.0,
                204.0
            ],
            "area": 37536,
            "iscrowd": 0,
            "category_id": 1,
            "segmentation": []
        },
        {
            "id": 12,
            "image_id": 11,
            "bbox": [
                433.0,
                138.0,
                178.0,
                192.0
            ],
            "area": 34176,
            "iscrowd": 0,
            "category_id": 1,
            "segmentation": []
        },
        {
            "id": 13,
            "image_id": 12,
            "bbox": [
                424.0,
                148.0,
                186.0,
                195.0
            ],
            "area": 36270,
            "iscrowd": 0,
            "category_id": 1,
            "segmentation": []
        },
        {
            "id": 14,
            "image_id": 13,
            "bbox": [
                434.0,
                131.0,
                178.0,
                197.0
            ],
            "area": 35066,
            "iscrowd": 0,
            "category_id": 1,
            "segmentation": []
        },
        {
            "id": 15,
            "image_id": 14,
            "bbox": [
                211.0,
                232.0,
                180.0,
                197.0
            ],
            "area": 35460,
            "iscrowd": 0,
            "category_id": 1,
            "segmentation": []
        },
        {
            "id": 16,
            "image_id": 15,
            "bbox": [
                198.0,
                240.0,
                175.0,
                171.0
            ],
            "area": 29925,
            "iscrowd": 0,
            "category_id": 1,
            "segmentation": []
        },
        {
            "id": 17,
            "image_id": 16,
            "bbox": [
                187.0,
                203.0,
                161.0,
                200.0
            ],
            "area": 32200,
            "iscrowd": 0,
            "category_id": 1,
            "segmentation": []
        },
        {
            "id": 18,
            "image_id": 17,
            "bbox": [
                194.0,
                223.0,
                164.0,
                186.0
            ],
            "area": 30504,
            "iscrowd": 0,
            "category_id": 1,
            "segmentation": []
        },
        {
            "id": 19,
            "image_id": 18,
            "bbox": [
                194.0,
                232.0,
                178.0,
                188.0
            ],
            "area": 33464,
            "iscrowd": 0,
            "category_id": 1,
            "segmentation": []
        },
        {
            "id": 20,
            "image_id": 19,
            "bbox": [
                202.0,
                231.0,
                168.0,
                186.0
            ],
            "area": 31248,
            "iscrowd": 0,
            "category_id": 1,
            "segmentation": []
        },
        {
            "id": 21,
            "image_id": 20,
            "bbox": [
                184.0,
                165.0,
                150.0,
                171.0
            ],
            "area": 25650,
            "iscrowd": 0,
            "category_id": 2,
            "segmentation": []
        },
        {
            "id": 22,
            "image_id": 21,
            "bbox": [
                415.0,
                166.0,
                146.0,
                171.0
            ],
            "area": 24966,
            "iscrowd": 0,
            "category_id": 2,
            "segmentation": []
        },
        {
            "id": 23,
            "image_id": 22,
            "bbox": [
                403.0,
                170.0,
                150.0,
                173.0
            ],
            "area": 25950,
            "iscrowd": 0,
            "category_id": 2,
            "segmentation": []
        },
        {
            "id": 24,
            "image_id": 23,
            "bbox": [
                403.0,
                172.0,
                149.0,
                173.0
            ],
            "area": 25777,
            "iscrowd": 0,
            "category_id": 2,
            "segmentation": []
        },
        {
            "id": 25,
            "image_id": 24,
            "bbox": [
                395.0,
                157.0,
                160.0,
                182.0
            ],
            "area": 29120,
            "iscrowd": 0,
            "category_id": 2,
            "segmentation": []
        },
        {
            "id": 26,
            "image_id": 25,
            "bbox": [
                395.0,
                148.0,
                162.0,
                192.0
            ],
            "area": 31104,
            "iscrowd": 0,
            "category_id": 2,
            "segmentation": []
        },
        {
            "id": 27,
            "image_id": 26,
            "bbox": [
                397.0,
                145.0,
                148.0,
                183.0
            ],
            "area": 27084,
            "iscrowd": 0,
            "category_id": 2,
            "segmentation": []
        },
        {
            "id": 28,
            "image_id": 27,
            "bbox": [
                289.0,
                228.0,
                161.0,
                171.0
            ],
            "area": 27531,
            "iscrowd": 0,
            "category_id": 2,
            "segmentation": []
        },
        {
            "id": 29,
            "image_id": 28,
            "bbox": [
                292.0,
                227.0,
                160.0,
                171.0
            ],
            "area": 27360,
            "iscrowd": 0,
            "category_id": 2,
            "segmentation": []
        },
        {
            "id": 30,
            "image_id": 29,
            "bbox": [
                289.0,
                216.0,
                154.0,
                168.0
            ],
            "area": 25872,
            "iscrowd": 0,
            "category_id": 2,
            "segmentation": []
        },
        {
            "id": 31,
            "image_id": 30,
            "bbox": [
                268.0,
                158.0,
                160.0,
                189.0
            ],
            "area": 30240,
            "iscrowd": 0,
            "category_id": 2,
            "segmentation": []
        },
        {
            "id": 32,
            "image_id": 31,
            "bbox": [
                271.0,
                142.0,
                156.0,
                170.0
            ],
            "area": 26520,
            "iscrowd": 0,
            "category_id": 2,
            "segmentation": []
        },
        {
            "id": 33,
            "image_id": 32,
            "bbox": [
                378.0,
                195.0,
                155.0,
                183.0
            ],
            "area": 28365,
            "iscrowd": 0,
            "category_id": 2,
            "segmentation": []
        },
        {
            "id": 34,
            "image_id": 33,
            "bbox": [
                406.0,
                197.0,
                160.0,
                176.0
            ],
            "area": 28160,
            "iscrowd": 0,
            "category_id": 2,
            "segmentation": []
        },
        {
            "id": 35,
            "image_id": 34,
            "bbox": [
                415.0,
                192.0,
                150.0,
                183.0
            ],
            "area": 27450,
            "iscrowd": 0,
            "category_id": 2,
            "segmentation": []
        },
        {
            "id": 36,
            "image_id": 35,
            "bbox": [
                410.0,
                193.0,
                163.0,
                179.0
            ],
            "area": 29177,
            "iscrowd": 0,
            "category_id": 2,
            "segmentation": []
        },
        {
            "id": 37,
            "image_id": 36,
            "bbox": [
                150.0,
                158.0,
                171.0,
                168.0
            ],
            "area": 28728,
            "iscrowd": 0,
            "category_id": 2,
            "segmentation": []
        },
        {
            "id": 38,
            "image_id": 37,
            "bbox": [
                168.0,
                154.0,
                160.0,
                167.0
            ],
            "area": 26720,
            "iscrowd": 0,
            "category_id": 2,
            "segmentation": []
        },
        {
            "id": 39,
            "image_id": 38,
            "bbox": [
                173.0,
                149.0,
                153.0,
                177.0
            ],
            "area": 27081,
            "iscrowd": 0,
            "category_id": 2,
            "segmentation": []
        },
        {
            "id": 40,
            "image_id": 39,
            "bbox": [
                189.0,
                150.0,
                162.0,
                186.0
            ],
            "area": 30132,
            "iscrowd": 0,
            "category_id": 2,
            "segmentation": []
        },
        {
            "id": 41,
            "image_id": 40,
            "bbox": [
                198.0,
                151.0,
                176.0,
                179.0
            ],
            "area": 31504,
            "iscrowd": 0,
            "category_id": 3,
            "segmentation": []
        },
        {
            "id": 42,
            "image_id": 41,
            "bbox": [
                225.0,
                186.0,
                166.0,
                174.0
            ],
            "area": 28884,
            "iscrowd": 0,
            "category_id": 3,
            "segmentation": []
        },
        {
            "id": 43,
            "image_id": 42,
            "bbox": [
                237.0,
                175.0,
                162.0,
                164.0
            ],
            "area": 26568,
            "iscrowd": 0,
            "category_id": 3,
            "segmentation": []
        },
        {
            "id": 44,
            "image_id": 43,
            "bbox": [
                210.0,
                171.0,
                176.0,
                162.0
            ],
            "area": 28512,
            "iscrowd": 0,
            "category_id": 3,
            "segmentation": []
        },
        {
            "id": 45,
            "image_id": 44,
            "bbox": [
                279.0,
                274.0,
                176.0,
                144.0
            ],
            "area": 25344,
            "iscrowd": 0,
            "category_id": 3,
            "segmentation": []
        },
        {
            "id": 46,
            "image_id": 45,
            "bbox": [
                275.0,
                256.0,
                162.0,
                147.0
            ],
            "area": 23814,
            "iscrowd": 0,
            "category_id": 3,
            "segmentation": []
        },
        {
            "id": 47,
            "image_id": 46,
            "bbox": [
                402.0,
                285.0,
                184.0,
                153.0
            ],
            "area": 28152,
            "iscrowd": 0,
            "category_id": 3,
            "segmentation": []
        },
        {
            "id": 48,
            "image_id": 47,
            "bbox": [
                432.0,
                268.0,
                171.0,
                152.0
            ],
            "area": 25992,
            "iscrowd": 0,
            "category_id": 3,
            "segmentation": []
        },
        {
            "id": 49,
            "image_id": 48,
            "bbox": [
                420.0,
                240.0,
                188.0,
                171.0
            ],
            "area": 32148,
            "iscrowd": 0,
            "category_id": 3,
            "segmentation": []
        },
        {
            "id": 50,
            "image_id": 49,
            "bbox": [
                430.0,
                232.0,
                176.0,
                152.0
            ],
            "area": 26752,
            "iscrowd": 0,
            "category_id": 3,
            "segmentation": []
        },
        {
            "id": 51,
            "image_id": 50,
            "bbox": [
                421.0,
                231.0,
                173.0,
                156.0
            ],
            "area": 26988,
            "iscrowd": 0,
            "category_id": 3,
            "segmentation": []
        },
        {
            "id": 52,
            "image_id": 51,
            "bbox": [
                444.0,
                232.0,
                176.0,
                150.0
            ],
            "area": 26400,
            "iscrowd": 0,
            "category_id": 3,
            "segmentation": []
        },
        {
            "id": 53,
            "image_id": 52,
            "bbox": [
                431.0,
                225.0,
                184.0,
                153.0
            ],
            "area": 28152,
            "iscrowd": 0,
            "category_id": 3,
            "segmentation": []
        },
        {
            "id": 54,
            "image_id": 53,
            "bbox": [
                248.0,
                217.0,
                163.0,
                146.0
            ],
            "area": 23798,
            "iscrowd": 0,
            "category_id": 3,
            "segmentation": []
        },
        {
            "id": 55,
            "image_id": 54,
            "bbox": [
                270.0,
                223.0,
                156.0,
                138.0
            ],
            "area": 21528,
            "iscrowd": 0,
            "category_id": 3,
            "segmentation": []
        },
        {
            "id": 56,
            "image_id": 55,
            "bbox": [
                247.0,
                237.0,
                166.0,
                141.0
            ],
            "area": 23406,
            "iscrowd": 0,
            "category_id": 3,
            "segmentation": []
        },
        {
            "id": 57,
            "image_id": 56,
            "bbox": [
                236.0,
                222.0,
                158.0,
                144.0
            ],
            "area": 22752,
            "iscrowd": 0,
            "category_id": 3,
            "segmentation": []
        },
        {
            "id": 58,
            "image_id": 57,
            "bbox": [
                225.0,
                218.0,
                161.0,
                159.0
            ],
            "area": 25599,
            "iscrowd": 0,
            "category_id": 3,
            "segmentation": []
        },
        {
            "id": 59,
            "image_id": 58,
            "bbox": [
                161.0,
                208.0,
                178.0,
                165.0
            ],
            "area": 29370,
            "iscrowd": 0,
            "category_id": 3,
            "segmentation": []
        },
        {
            "id": 60,
            "image_id": 59,
            "bbox": [
                166.0,
                235.0,
                174.0,
                149.0
            ],
            "area": 25926,
            "iscrowd": 0,
            "category_id": 3,
            "segmentation": []
        },
        {
            "id": 61,
            "image_id": 60,
            "bbox": [
                285.0,
                312.0,
                173.0,
                144.0
            ],
            "area": 24912,
            "iscrowd": 0,
            "category_id": 4,
            "segmentation": []
        },
        {
            "id": 62,
            "image_id": 61,
            "bbox": [
                297.0,
                308.0,
                154.0,
                137.0
            ],
            "area": 21098,
            "iscrowd": 0,
            "category_id": 4,
            "segmentation": []
        },
        {
            "id": 63,
            "image_id": 62,
            "bbox": [
                303.0,
                298.0,
                162.0,
                146.0
            ],
            "area": 23652,
            "iscrowd": 0,
            "category_id": 4,
            "segmentation": []
        },
        {
            "id": 64,
            "image_id": 63,
            "bbox": [
                296.0,
                298.0,
                172.0,
                146.0
            ],
            "area": 25112,
            "iscrowd": 0,
            "category_id": 4,
            "segmentation": []
        },
        {
            "id": 65,
            "image_id": 64,
            "bbox": [
                294.0,
                304.0,
                168.0,
                141.0
            ],
            "area": 23688,
            "iscrowd": 0,
            "category_id": 4,
            "segmentation": []
        },
        {
            "id": 66,
            "image_id": 65,
            "bbox": [
                289.0,
                301.0,
                174.0,
                146.0
            ],
            "area": 25404,
            "iscrowd": 0,
            "category_id": 4,
            "segmentation": []
        },
        {
            "id": 67,
            "image_id": 66,
            "bbox": [
                227.0,
                280.0,
                191.0,
                156.0
            ],
            "area": 29796,
            "iscrowd": 0,
            "category_id": 4,
            "segmentation": []
        },
        {
            "id": 68,
            "image_id": 67,
            "bbox": [
                234.0,
                289.0,
                176.0,
                153.0
            ],
            "area": 26928,
            "iscrowd": 0,
            "category_id": 4,
            "segmentation": []
        },
        {
            "id": 69,
            "image_id": 68,
            "bbox": [
                232.0,
                285.0,
                166.0,
                150.0
            ],
            "area": 24900,
            "iscrowd": 0,
            "category_id": 4,
            "segmentation": []
        },
        {
            "id": 70,
            "image_id": 69,
            "bbox": [
                221.0,
                275.0,
                184.0,
                162.0
            ],
            "area": 29808,
            "iscrowd": 0,
            "category_id": 4,
            "segmentation": []
        },
        {
            "id": 71,
            "image_id": 70,
            "bbox": [
                235.0,
                283.0,
                161.0,
                150.0
            ],
            "area": 24150,
            "iscrowd": 0,
            "category_id": 4,
            "segmentation": []
        },
        {
            "id": 72,
            "image_id": 71,
            "bbox": [
                231.0,
                286.0,
                173.0,
                149.0
            ],
            "area": 25777,
            "iscrowd": 0,
            "category_id": 4,
            "segmentation": []
        },
        {
            "id": 73,
            "image_id": 72,
            "bbox": [
                227.0,
                283.0,
                182.0,
                156.0
            ],
            "area": 28392,
            "iscrowd": 0,
            "category_id": 4,
            "segmentation": []
        },
        {
            "id": 74,
            "image_id": 73,
            "bbox": [
                226.0,
                279.0,
                196.0,
                168.0
            ],
            "area": 32928,
            "iscrowd": 0,
            "category_id": 4,
            "segmentation": []
        },
        {
            "id": 75,
            "image_id": 74,
            "bbox": [
                298.0,
                277.0,
                166.0,
                162.0
            ],
            "area": 26892,
            "iscrowd": 0,
            "category_id": 4,
            "segmentation": []
        },
        {
            "id": 76,
            "image_id": 75,
            "bbox": [
                306.0,
                285.0,
                164.0,
                156.0
            ],
            "area": 25584,
            "iscrowd": 0,
            "category_id": 4,
            "segmentation": []
        },
        {
            "id": 77,
            "image_id": 76,
            "bbox": [
                292.0,
                294.0,
                171.0,
                138.0
            ],
            "area": 23598,
            "iscrowd": 0,
            "category_id": 4,
            "segmentation": []
        },
        {
            "id": 78,
            "image_id": 77,
            "bbox": [
                302.0,
                283.0,
                163.0,
                156.0
            ],
            "area": 25428,
            "iscrowd": 0,
            "category_id": 4,
            "segmentation": []
        },
        {
            "id": 79,
            "image_id": 78,
            "bbox": [
                294.0,
                284.0,
                171.0,
                156.0
            ],
            "area": 26676,
            "iscrowd": 0,
            "category_id": 4,
            "segmentation": []
        },
        {
            "id": 80,
            "image_id": 79,
            "bbox": [
                304.0,
                297.0,
                175.0,
                144.0
            ],
            "area": 25200,
            "iscrowd": 0,
            "category_id": 4,
            "segmentation": []
        },
        {
            "id": 81,
            "image_id": 80,
            "bbox": [
                269.0,
                203.0,
                233.0,
                161.0
            ],
            "area": 37513,
            "iscrowd": 0,
            "category_id": 5,
            "segmentation": []
        },
        {
            "id": 82,
            "image_id": 81,
            "bbox": [
                258.0,
                209.0,
                248.0,
                152.0
            ],
            "area": 37696,
            "iscrowd": 0,
            "category_id": 5,
            "segmentation": []
        },
        {
            "id": 83,
            "image_id": 82,
            "bbox": [
                243.0,
                206.0,
                286.0,
                149.0
            ],
            "area": 42614,
            "iscrowd": 0,
            "category_id": 5,
            "segmentation": []
        },
        {
            "id": 84,
            "image_id": 83,
            "bbox": [
                237.0,
                205.0,
                306.0,
                162.0
            ],
            "area": 49572,
            "iscrowd": 0,
            "category_id": 5,
            "segmentation": []
        },
        {
            "id": 85,
            "image_id": 84,
            "bbox": [
                247.0,
                208.0,
                274.0,
                153.0
            ],
            "area": 41922,
            "iscrowd": 0,
            "category_id": 5,
            "segmentation": []
        },
        {
            "id": 86,
            "image_id": 85,
            "bbox": [
                232.0,
                205.0,
                301.0,
                156.0
            ],
            "area": 46956,
            "iscrowd": 0,
            "category_id": 5,
            "segmentation": []
        },
        {
            "id": 87,
            "image_id": 86,
            "bbox": [
                247.0,
                200.0,
                286.0,
                174.0
            ],
            "area": 49764,
            "iscrowd": 0,
            "category_id": 5,
            "segmentation": []
        },
        {
            "id": 88,
            "image_id": 87,
            "bbox": [
                231.0,
                204.0,
                296.0,
                156.0
            ],
            "area": 46176,
            "iscrowd": 0,
            "category_id": 5,
            "segmentation": []
        },
        {
            "id": 89,
            "image_id": 88,
            "bbox": [
                248.0,
                209.0,
                276.0,
                146.0
            ],
            "area": 40296,
            "iscrowd": 0,
            "category_id": 5,
            "segmentation": []
        },
        {
            "id": 90,
            "image_id": 89,
            "bbox": [
                233.0,
                204.0,
                274.0,
                165.0
            ],
            "area": 45210,
            "iscrowd": 0,
            "category_id": 5,
            "segmentation": []
        },
        {
            "id": 91,
            "image_id": 90,
            "bbox": [
                230.0,
                205.0,
                274.0,
                162.0
            ],
            "area": 44388,
            "iscrowd": 0,
            "category_id": 5,
            "segmentation": []
        },
        {
            "id": 92,
            "image_id": 91,
            "bbox": [
                232.0,
                202.0,
                284.0,
                171.0
            ],
            "area": 48564,
            "iscrowd": 0,
            "category_id": 5,
            "segmentation": []
        },
        {
            "id": 93,
            "image_id": 92,
            "bbox": [
                238.0,
                207.0,
                292.0,
                168.0
            ],
            "area": 49056,
            "iscrowd": 0,
            "category_id": 5,
            "segmentation": []
        },
        {
            "id": 94,
            "image_id": 93,
            "bbox": [
                238.0,
                199.0,
                276.0,
                171.0
            ],
            "area": 47196,
            "iscrowd": 0,
            "category_id": 5,
            "segmentation": []
        },
        {
            "id": 95,
            "image_id": 94,
            "bbox": [
                250.0,
                210.0,
                272.0,
                159.0
            ],
            "area": 43248,
            "iscrowd": 0,
            "category_id": 5,
            "segmentation": []
        },
        {
            "id": 96,
            "image_id": 95,
            "bbox": [
                243.0,
                203.0,
                274.0,
                170.0
            ],
            "area": 46580,
            "iscrowd": 0,
            "category_id": 5,
            "segmentation": []
        },
        {
            "id": 97,
            "image_id": 96,
            "bbox": [
                233.0,
                201.0,
                288.0,
                177.0
            ],
            "area": 50976,
            "iscrowd": 0,
            "category_id": 5,
            "segmentation": []
        },
        {
            "id": 98,
            "image_id": 97,
            "bbox": [
                230.0,
                200.0,
                290.0,
                176.0
            ],
            "area": 51040,
            "iscrowd": 0,
            "category_id": 5,
            "segmentation": []
        },
        {
            "id": 99,
            "image_id": 98,
            "bbox": [
                236.0,
                204.0,
                270.0,
                168.0
            ],
            "area": 45360,
            "iscrowd": 0,
            "category_id": 5,
            "segmentation": []
        },
        {
            "id": 100,
            "image_id": 99,
            "bbox": [
                232.0,
                204.0,
                288.0,
                174.0
            ],
            "area": 50112,
            "iscrowd": 0,
            "category_id": 5,
            "segmentation": []
        },
        {
            "id": 101,
            "image_id": 100,
            "bbox": [
                234.0,
                207.0,
                159.0,
                129.0
            ],
            "area": 20511,
            "iscrowd": 0,
            "category_id": 6,
            "segmentation": []
        },
        {
            "id": 102,
            "image_id": 101,
            "bbox": [
                254.0,
                209.0,
                144.0,
                122.0
            ],
            "area": 17568,
            "iscrowd": 0,
            "category_id": 6,
            "segmentation": []
        },
        {
            "id": 103,
            "image_id": 102,
            "bbox": [
                198.0,
                197.0,
                140.0,
                117.0
            ],
            "area": 16380,
            "iscrowd": 0,
            "category_id": 6,
            "segmentation": []
        },
        {
            "id": 104,
            "image_id": 103,
            "bbox": [
                208.0,
                235.0,
                155.0,
                125.0
            ],
            "area": 19375,
            "iscrowd": 0,
            "category_id": 6,
            "segmentation": []
        },
        {
            "id": 105,
            "image_id": 104,
            "bbox": [
                218.0,
                237.0,
                168.0,
                122.0
            ],
            "area": 20496,
            "iscrowd": 0,
            "category_id": 6,
            "segmentation": []
        },
        {
            "id": 106,
            "image_id": 105,
            "bbox": [
                437.0,
                210.0,
                164.0,
                126.0
            ],
            "area": 20664,
            "iscrowd": 0,
            "category_id": 6,
            "segmentation": []
        },
        {
            "id": 107,
            "image_id": 106,
            "bbox": [
                452.0,
                202.0,
                166.0,
                129.0
            ],
            "area": 21414,
            "iscrowd": 0,
            "category_id": 6,
            "segmentation": []
        },
        {
            "id": 108,
            "image_id": 107,
            "bbox": [
                456.0,
                187.0,
                172.0,
                143.0
            ],
            "area": 24596,
            "iscrowd": 0,
            "category_id": 6,
            "segmentation": []
        },
        {
            "id": 109,
            "image_id": 108,
            "bbox": [
                439.0,
                208.0,
                170.0,
                135.0
            ],
            "area": 22950,
            "iscrowd": 0,
            "category_id": 6,
            "segmentation": []
        },
        {
            "id": 110,
            "image_id": 109,
            "bbox": [
                464.0,
                197.0,
                176.0,
                129.0
            ],
            "area": 22704,
            "iscrowd": 0,
            "category_id": 6,
            "segmentation": []
        },
        {
            "id": 111,
            "image_id": 110,
            "bbox": [
                333.0,
                186.0,
                166.0,
                111.0
            ],
            "area": 18426,
            "iscrowd": 0,
            "category_id": 6,
            "segmentation": []
        },
        {
            "id": 112,
            "image_id": 111,
            "bbox": [
                256.0,
                196.0,
                210.0,
                146.0
            ],
            "area": 30660,
            "iscrowd": 0,
            "category_id": 6,
            "segmentation": []
        },
        {
            "id": 113,
            "image_id": 112,
            "bbox": [
                281.0,
                193.0,
                196.0,
                138.0
            ],
            "area": 27048,
            "iscrowd": 0,
            "category_id": 6,
            "segmentation": []
        },
        {
            "id": 114,
            "image_id": 113,
            "bbox": [
                284.0,
                230.0,
                188.0,
                138.0
            ],
            "area": 25944,
            "iscrowd": 0,
            "category_id": 6,
            "segmentation": []
        },
        {
            "id": 115,
            "image_id": 114,
            "bbox": [
                274.0,
                220.0,
                183.0,
                146.0
            ],
            "area": 26718,
            "iscrowd": 0,
            "category_id": 6,
            "segmentation": []
        },
        {
            "id": 116,
            "image_id": 115,
            "bbox": [
                278.0,
                230.0,
                175.0,
                135.0
            ],
            "area": 23625,
            "iscrowd": 0,
            "category_id": 6,
            "segmentation": []
        },
        {
            "id": 117,
            "image_id": 116,
            "bbox": [
                246.0,
                228.0,
                168.0,
                117.0
            ],
            "area": 19656,
            "iscrowd": 0,
            "category_id": 6,
            "segmentation": []
        },
        {
            "id": 118,
            "image_id": 117,
            "bbox": [
                245.0,
                231.0,
                176.0,
                120.0
            ],
            "area": 21120,
            "iscrowd": 0,
            "category_id": 6,
            "segmentation": []
        },
        {
            "id": 119,
            "image_id": 118,
            "bbox": [
                252.0,
                216.0,
                184.0,
                135.0
            ],
            "area": 24840,
            "iscrowd": 0,
            "category_id": 6,
            "segmentation": []
        },
        {
            "id": 120,
            "image_id": 119,
            "bbox": [
                245.0,
                227.0,
                166.0,
                122.0
            ],
            "area": 20252,
            "iscrowd": 0,
            "category_id": 6,
            "segmentation": []
        }
    ]
}